{
	"archer": {
		"times": [
			"0:00:27.077000",
			"0:01:33.078000",
			"0:02:18.092000",
			"0:02:51.000000",
			"0:04:01.046000",
			"0:02:24.009000",
			"0:03:00.037000",
			"0:03:35.058000",
			"0:04:26.067000"
		],
		"costs": [64, 224, 312, 416, 544, 336, 416, 512, 640],
		"wages": [0, 0, 0, 0, 151, 0, 195, 0, 0],
		"total_cost": 3464,
		"total_time": "0:24:35.464000"
	},
	"avatar": {
		"times": [
			"0:00:14.051000",
			"0:00:48.046000",
			"0:01:08.023000",
			"0:01:27.000000",
			"0:01:53.029000",
			"0:02:20.050000",
			"0:03:12.011000",
			"0:03:30.040000",
			"0:04:50.017000"
		],
		"costs": [400, 1400, 2000, 2600, 3400, 4200, 5200, 6400, 7900],
		"wages": [0, 0, 0, 0, 0, 0, 3720, 0, 4560],
		"total_cost": 33500,
		"total_time": "0:19:22.267000"
	},
	"barbarian": {
		"times": [
			"0:00:19.021000",
			"0:01:03.037000",
			"0:01:29.044000",
			"0:01:55.075000",
			"0:02:39.041000",
			"0:03:18.060000",
			"0:03:57.091000",
			"0:04:54.031000",
			"0:06:14.038000"
		],
		"costs": [200, 720, 1080, 1400, 1800, 2240, 2800, 3400, 4240],
		"wages": [0, 0, 0, 0, 0, 261, 0, 327, 361],
		"total_cost": 17880,
		"total_time": "0:25:48.438000"
	},
	"bug": {
		"times": [
			"0:00:53.025000",
			"0:03:04.088000",
			"0:04:48.018000",
			"0:05:48.068000",
			"0:07:53.058000",
			"0:09:39.090000",
			"0:12:14.001000",
			"0:14:40.087000",
			"0:18:28.005000"
		],
		"costs": [128, 448, 640, 832, 1088, 1344, 1664, 2048, 2560],
		"wages": [0, 0, 30, 0, 43, 49, 110, 124, 136],
		"total_cost": 10752,
		"total_time": "1:17:27.440000"
	},
	"bile_demon": {
		"times": [
			"0:00:28.060000",
			"0:01:32.081000",
			"0:02:33.039000",
			"0:02:51.021000",
			"0:04:36.096000",
			"0:05:10.099000",
			"0:05:57.025000",
			"0:08:00.046000",
			"0:10:00.055000"
		],
		"costs": [304, 1064, 1482, 1976, 2508, 3154, 3952, 4826, 6004],
		"wages": [0, 0, 0, 0, 235, 269, 0, 338, 372],
		"total_cost": 25270,
		"total_time": "0:41:07.522000"
	},
	"dark_mistress": {
		"times": [
			"0:00:27.032000",
			"0:01:33.098000",
			"0:02:12.081000",
			"0:03:00.042000",
			"0:03:53.080000",
			"0:04:43.051000",
			"0:03:00.003000",
			"0:03:36.063000",
			"0:04:33.048000"
		],
		"costs": [192, 672, 960, 1224, 1632, 2016, 1272, 1536, 1896],
		"wages": [0, 0, 0, 0, 420, 0, 542, 0, 665],
		"total_cost": 11400,
		"total_time": "0:26:57.498000"
	},
	"demonspawn": {
		"times": [
			"0:00:28.036000",
			"0:01:33.094000",
			"0:02:12.030000",
			"0:03:01.055000",
			"0:04:05.028000",
			"0:04:45.070000",
			"0:06:03.029000",
			"0:07:19.026000",
			"0:09:14.009000",
			"0:09:14.085000"
		],
		"costs": [120, 420, 600, 780, 1005, 1260, 1545, 1920, 2415, 2385],
		"wages": [0, 0, 0, 0, 168, 0, 217, 241, 266, 290],
		"total_cost": 12450,
		"total_time": "0:47:54.462000"
	},
	"dragon": {
		"times": [
			"0:00:18.097000",
			"0:01:03.022000",
			"0:01:29.068000",
			"0:01:56.040000",
			"0:02:46.091000",
			"0:03:28.005000",
			"0:04:07.033000",
			"0:05:02.049000",
			"0:06:31.062000"
		],
		"costs": [200, 720, 1080, 1360, 1800, 2240, 2800, 3400, 4280],
		"wages": [0, 0, 0, 0, 0, 962, 0, 1207, 1330],
		"total_cost": 17880,
		"total_time": "0:26:40.467000"
	},
	"fairy": {
		"times": [
			"0:00:53.043000",
			"0:03:04.065000",
			"0:04:44.035000",
			"0:05:47.023000",
			"0:07:43.029000",
			"0:09:29.021000",
			"0:11:51.041000",
			"0:14:22.023000",
			"0:18:19.036000"
		],
		"costs": [64, 224, 316, 424, 540, 676, 828, 1028, 1276],
		"wages": [0, 0, 100, 0, 141, 162, 364, 203, 672],
		"total_cost": 5376,
		"total_time": "1:16:12.316000"
	},
	"fly": {
		"times": [
			"0:00:53.073000",
			"0:03:04.073000",
			"0:04:31.084000",
			"0:05:40.002000",
			"0:07:32.082000",
			"0:09:20.071000",
			"0:11:32.014000",
			"0:07:02.012000",
			"0:08:54"
		],
		"costs": [80, 280, 395, 525, 685, 835, 1045, 645, 800],
		"wages": [0, 0, 8, 0, 12, 13, 30, 0, 38],
		"total_cost": 5290,
		"total_time": "0:58:28.411000"
	},
	"ghost": {
		"times": [
			"0:00:27.065000",
			"0:01:33.077000",
			"0:02:12.043000",
			"0:02:52.042000",
			"0:03:53.002000",
			"0:04:34.075000",
			"0:05:51.017000",
			"0:07:08.061000",
			"0:08:51.015000"
		],
		"costs": [160, 560, 800, 1040, 1360, 1700, 2080, 2560, 3220],
		"wages": [0, 0, 0, 0, 48, 0, 62, 69, 76],
		"total_cost": 13480,
		"total_time": "0:37:21.397000"
	},
	"giant": {
		"times": [
			"0:00:27.054000",
			"0:01:33.088000",
			"0:02:27.061000",
			"0:02:51.038000",
			"0:04:15.037000",
			"0:04:49.040000",
			"0:06:34.079000",
			"0:07:57.003000",
			"0:09:37.005000"
		],
		"costs": [280, 980, 1365, 1820, 2380, 2940, 3640, 4445, 5565],
		"wages": [0, 0, 0, 0, 103, 0, 133, 148, 163],
		"total_cost": 23415,
		"total_time": "0:40:30.405000"
	},
	"hound": {
		"times": [
			"0:00:27.017000",
			"0:01:33.088000",
			"0:01:12.075000",
			"0:01:32.034000",
			"0:01:59.003000",
			"0:02:28.012000",
			"0:02:56.096000",
			"0:03:36.016000",
			"0:04:33.056000"
		],
		"costs": [112, 392, 294, 378, 448, 602, 728, 882, 1134],
		"wages": [0, 0, 0, 0, 0, 184, 0, 0, 254],
		"total_cost": 4970,
		"total_time": "0:20:16.397000"
	},
	"horny": {
		"times": [
			"0:00:53.090000",
			"0:03:12.003000",
			"0:04:38.076000",
			"0:05:58.039000",
			"0:03:59.097000",
			"0:04:40.026000",
			"0:05:56.077000",
			"0:07:17.095000",
			"0:09:03.020000"
		],
		"costs": [2400, 8400, 12000, 15600, 10200, 12750, 15600, 19200, 24000],
		"wages": [0, 0, 1615, 0, 2280, 0, 2945, 3277, 3610],
		"total_cost": 120150,
		"total_time": "0:45:36.523000"
	},
	"imp": {
		"times": [
			"0:02:07.050000",
			"0:02:58.021000",
			"0:02:18.007000",
			"0:02:46.095000",
			"0:03:36.016000",
			"0:04:27.055000",
			"0:05:28.074000",
			"0:06:44.027000",
			"0:08:25.063000"
		],
		"costs": [390, 540, 420, 510, 660, 820, 1010, 1250, 1570],
		"wages": [0, 0, 0, 0, 0, 0, 0, 0, 0],
		"total_cost": 7170,
		"total_time": "0:38:49.408000"
	},
	"knight": {
		"times": [
			"0:00:19.010000",
			"0:01:04.030000",
			"0:01:29.036000",
			"0:01:55.087000",
			"0:02:29.068000",
			"0:03:33.033000",
			"0:03:47.085000",
			"0:05:06.096000",
			"0:06:18.067000"
		],
		"costs": [200, 1760, 0, 1400, 1800, 2200, 2800, 3360, 4280],
		"wages": [0, 0, 0, 0, 0, 1485, 0, 1863, 2052],
		"total_cost": 17800,
		"total_time": "0:26:00.512000"
	},
	"monk": {
		"times": [
			"0:00:27.078000",
			"0:01:33.091000",
			"0:02:26.066000",
			"0:02:52.072000",
			"0:04:10.007000",
			"0:04:47.077000",
			"0:06:32.015000",
			"0:07:44.028000",
			"0:09:28.018000"
		],
		"costs": [96, 336, 480, 624, 804, 1008, 1236, 1536, 1920],
		"wages": [0, 0, 0, 0, 180, 0, 232, 258, 285],
		"total_cost": 8040,
		"total_time": "0:39:59.452000"
	},
	"dwarfa": {
		"times": [
			"0:00:27.068000",
			"0:01:33.048000",
			"0:02:19.055000",
			"0:02:51.038000",
			"0:03:57.041000",
			"0:04:40.035000",
			"0:06:01.045000",
			"0:07:13.035000",
			"0:09:07.094000"
		],
		"costs": [40, 140, 200, 260, 335, 420, 515, 640, 800],
		"wages": [0, 0, 0, 0, 84, 0, 108, 120, 133],
		"total_cost": 3350,
		"total_time": "0:38:08.459000"
	},
	"orc": {
		"times": [
			"0:00:27.027000",
			"0:01:33.095000",
			"0:02:12.092000",
			"0:03:00.011000",
			"0:02:03.043000",
			"0:02:25.050000",
			"0:02:51.084000",
			"0:03:47.084000",
			"0:04:22.060000"
		],
		"costs": [120, 420, 600, 780, 510, 630, 780, 960, 1215],
		"wages": [0, 0, 0, 0, 228, 0, 0, 327, 0],
		"total_cost": 6015,
		"total_time": "0:22:40.546000"
	},
	"priestess": {
		"times": [
			"0:00:27.072000",
			"0:01:33.061000",
			"0:02:22.074000",
			"0:02:51.050000",
			"0:04:06.078000",
			"0:04:42.095000",
			"0:06:17.026000",
			"0:07:20.091000",
			"0:09:20.056000"
		],
		"costs": [128, 448, 640, 832, 1088, 1344, 1664, 2048, 2560],
		"wages": [0, 0, 0, 0, 180, 0, 232, 258, 285],
		"total_cost": 10752,
		"total_time": "0:38:58.603000"
	},